cluster,job_id,nodes,ranks,state,exit_code,elapsed
bsscm8,4845829,1,192,COMPLETED,0:0,00:01:16
bsscm8,4845830,2,384,COMPLETED,0:0,00:01:22
bsscm8,4845831,4,768,COMPLETED,0:0,00:01:50
bsscm8,4845768,8,1536,COMPLETED,0:0,00:02:48
bsscm8,4846577,16,3072,COMPLETED,0:0,00:04:17
bsscm9,5537683,1,256,COMPLETED,0:0,00:01:12
bsscm9,5537684,2,512,COMPLETED,0:0,00:02:43
bsscm9,5537685,4,1024,COMPLETED,0:0,00:03:18
bsscm9,5537543,8,2048,COMPLETED,0:0,00:08:50
bsscm9,5539087,16,4096,COMPLETED,0:0,00:11:55
bsscm9,5538249,32,8192,COMPLETED,0:0,00:34:31
bssca8,4845934,1,128,COMPLETED,0:0,00:00:53
bssca8,4845936,4,512,COMPLETED,0:0,00:01:31
bssca8,4845913,8,1024,COMPLETED,0:0,00:01:41
bssca8,4846805,16,2048,COMPLETED,0:0,00:02:48
thtj1,11816183,1,56,COMPLETED,0:0,00:01:03
thtj1,11816184,2,112,COMPLETED,0:0,00:01:05
thtj1,11816185,4,224,COMPLETED,0:0,00:01:04
thtj1,11816186,8,448,COMPLETED,0:0,00:01:12
thtj1,11816179,16,896,COMPLETED,0:0,00:01:31
thtj1,11816423,32,1792,COMPLETED,0:0,00:08:07
thtj1,11817480,64,3584,COMPLETED,0:0,00:08:48
