cluster,nodes,ranks,mesh_n,global_cells,cells_per_rank,job_id,slurm_elapsed,dnds_disable_async_mpi,mean_iteration_seconds,median_iteration_seconds,stdev_iteration_seconds,coefficient_of_variation,max_iteration_seconds,mean_cell_iterations_per_second,median_cell_iterations_per_second,mean_weak_scaling_efficiency,median_weak_scaling_efficiency
bsscm8,1,192,58,195112,1016.2083333333334,4845829,00:01:16,False,0.110133533155,0.1066048305,0.011841446158628985,0.10751898917075094,0.193179767,1771594.8486407204,1830236.0135547516,1.0,1.0
bsscm8,2,384,73,389017,1013.0651041666666,4845830,00:01:22,False,0.11100558248749999,0.1059350505,0.016619178957989,0.1497148033961304,0.246334806,3504481.407895013,3672221.7827233677,0.9890752986169138,1.003209901763173
bsscm8,4,768,92,778688,1013.9166666666666,4845831,00:01:50,False,0.1243764789375,0.1193081305,0.02000522676509523,0.1608441317521779,0.260821256,6260733.594100986,6526696.854075674,0.8834883436955996,0.8915102759615252
bsscm8,8,1536,116,1560896,1016.2083333333334,4845768,00:02:48,False,0.16665393665499997,0.1241823205,0.4901514024862557,2.94113305886645,8.583316875,9366091.38271544,12569389.859323816,0.6608516748271831,0.8584541669923136
bsscm8,16,3072,147,3176523,1034.0244140625,4846577,00:04:17,False,0.1560345992425,0.13361542199999998,0.04788119126021757,0.30686265413354497,0.371890444,20357811.763679612,23773625.47266438,0.7182021533908914,0.8118360588674288
bsscm9,1,256,64,262144,1024.0,5537683,00:01:12,False,0.11003606864749998,0.093358952,0.17593876727089802,1.5989190583909083,2.841186654,2382346.1090724445,2807914.981736299,1.0,1.0
bsscm9,2,512,81,531441,1037.970703125,5537684,00:02:43,False,0.10415034635999999,0.0975046665,0.0386281579921093,0.3708884256475679,0.766339985,5102633.054748106,5450416.057779142,1.0709260579972557,0.9705450651516573
bsscm9,4,1024,102,1061208,1036.3359375,5537685,00:03:18,False,0.1148803953325,0.100633856,0.07548253057930109,0.6570531931129842,1.2138985,9237503.030247504,10545238.373853032,0.9693703818967853,0.9388851196032554
bsscm9,8,2048,128,2097152,1024.0,5537543,00:08:50,False,0.1373939021725,0.103191618,0.10621171985320729,0.773045369363314,0.986189809,15263792.401550658,20322890.954185832,0.8008802931395611,0.9047144895043703
bsscm9,16,4096,161,4173281,1018.867431640625,5539087,00:11:55,False,0.190251550475,0.1195276685,0.2048792005516562,1.076885838985992,1.435432461,21935595.213708337,34914769.54559688,0.5754725124262292,0.7771507010694602
bsscm9,32,8192,203,8365427,1021.1702880859375,5538249,00:34:31,False,0.27699342635,0.188238604,0.2709035926761498,0.9780145191382437,1.930111823,30200814.186217237,44440549.50598762,0.396153791308998,0.4945901785115149
bssca8,1,128,51,132651,1036.3359375,4845934,00:00:53,True,0.0801184610125,0.077462566,0.006531649409141381,0.08152489858888227,0.145091255,1655685.822263909,1712452.9543728258,1.0,1.0
bssca8,4,512,81,531441,1037.970703125,4845936,00:01:31,True,0.10124413252,0.0860335425,0.2118361505747972,2.0923301459761197,4.301641525,5249104.18779101,6177137.248533036,0.792587596814356,0.9017966351658651
bssca8,8,1024,102,1061208,1036.3359375,4845913,00:01:41,True,0.09465358493249999,0.0900120395,0.01620741230244281,0.1712287211731151,0.180907151,11211492.94827846,11789622.875948722,0.8464387383703916,0.8605800560712769
bssca8,16,2048,128,2097152,1024.0,4846805,00:02:48,True,0.10595394013250001,0.098513275,0.018332760148953634,0.1730257518127945,0.195513845,19793053.447350994,21288014.229554344,0.7471621873091417,0.7769561703576454
thtj1,1,56,39,59319,1059.267857142857,11816183,00:01:03,True,0.11292717688250001,0.11228430049999999,0.0033053271511670583,0.029269545581629388,0.154704702,525285.4240899073,528292.9112605551,1.0,1.0
thtj1,2,112,49,117649,1050.4375,11816184,00:01:05,True,0.11422380319249999,0.11313223850000001,0.004758451960612694,0.04165902226695545,0.150991384,1029986.716531646,1039924.6188344447,0.9804067172777238,0.9842310928922835
thtj1,4,224,61,226981,1013.3080357142857,11816185,00:01:04,True,0.1114873863275,0.10933408150000001,0.006705083393176493,0.06014208076849126,0.155802585,2035934.3552393587,2076031.5254489055,0.9689657574102467,0.9824244662375389
thtj1,8,448,77,456533,1019.046875,11816186,00:01:12,True,0.1146959676775,0.111112213,0.011786056701613933,0.10275911996098895,0.249572508,3980375.328308586,4108756.2534642345,0.9471934556352998,0.9721775945422888
thtj1,16,896,97,912673,1018.6082589285714,11816179,00:01:31,True,0.12487730855000001,0.11947999449999999,0.014849748464400837,0.11891470625710275,0.207565322,7308557.5802154,7638709.759063473,0.8695936110446493,0.9037019989579282
thtj1,32,1792,122,1815848,1013.3080357142857,11816423,00:08:07,True,0.8641153831949999,0.8609833665,0.00946268423465377,0.010950718409463127,0.905626916,2101395.2943252116,2109039.5827060384,0.12501508691477242,0.12475557698153172
thtj1,64,3584,154,3652264,1019.046875,11817480,00:08:48,True,0.8274158144250001,0.8612718095,0.14652927046073483,0.17709266357516154,0.918171686,4414061.14836962,4240547.478409021,0.1312994845854899,0.1254201086894049
